<?xml version="1.0" encoding="UTF-8"?>
<root>
  <item name="com.lazylibs.util.ConvertUtils double byte2MemorySize(long, int) 1">
    <annotation name="androidx.annotation.IntDef">
      <val name="value" val="{com.lazylibs.util.constants.MemoryConstants.BYTE, com.lazylibs.util.constants.MemoryConstants.KB, com.lazylibs.util.constants.MemoryConstants.MB, com.lazylibs.util.constants.MemoryConstants.GB}" />
    </annotation>
  </item>
  <item name="com.lazylibs.util.ConvertUtils long memorySize2Byte(long, int) 1">
    <annotation name="androidx.annotation.IntDef">
      <val name="value" val="{com.lazylibs.util.constants.MemoryConstants.BYTE, com.lazylibs.util.constants.MemoryConstants.KB, com.lazylibs.util.constants.MemoryConstants.MB, com.lazylibs.util.constants.MemoryConstants.GB}" />
    </annotation>
  </item>
  <item name="com.lazylibs.util.SnackbarUtils com.lazylibs.util.SnackbarUtils setDuration(int) 0">
    <annotation name="androidx.annotation.IntDef">
      <val name="value" val="{com.lazylibs.util.SnackbarUtils.LENGTH_INDEFINITE, com.lazylibs.util.SnackbarUtils.LENGTH_SHORT, com.lazylibs.util.SnackbarUtils.LENGTH_LONG}" />
    </annotation>
  </item>
  <item name="com.lazylibs.util.SnackbarUtils.Duration">
    <annotation name="androidx.annotation.IntDef">
      <val name="value" val="{com.lazylibs.util.SnackbarUtils.LENGTH_INDEFINITE, com.lazylibs.util.SnackbarUtils.LENGTH_SHORT, com.lazylibs.util.SnackbarUtils.LENGTH_LONG}" />
    </annotation>
  </item>
  <item name="com.lazylibs.util.SpanUtils com.lazylibs.util.SpanUtils appendImage(android.graphics.Bitmap, int) 1">
    <annotation name="androidx.annotation.IntDef">
      <val name="value" val="{com.lazylibs.util.SpanUtils.ALIGN_BOTTOM, com.lazylibs.util.SpanUtils.ALIGN_BASELINE, com.lazylibs.util.SpanUtils.ALIGN_CENTER, com.lazylibs.util.SpanUtils.ALIGN_TOP}" />
    </annotation>
  </item>
  <item name="com.lazylibs.util.SpanUtils com.lazylibs.util.SpanUtils appendImage(android.graphics.drawable.Drawable, int) 1">
    <annotation name="androidx.annotation.IntDef">
      <val name="value" val="{com.lazylibs.util.SpanUtils.ALIGN_BOTTOM, com.lazylibs.util.SpanUtils.ALIGN_BASELINE, com.lazylibs.util.SpanUtils.ALIGN_CENTER, com.lazylibs.util.SpanUtils.ALIGN_TOP}" />
    </annotation>
  </item>
  <item name="com.lazylibs.util.SpanUtils com.lazylibs.util.SpanUtils appendImage(android.net.Uri, int) 1">
    <annotation name="androidx.annotation.IntDef">
      <val name="value" val="{com.lazylibs.util.SpanUtils.ALIGN_BOTTOM, com.lazylibs.util.SpanUtils.ALIGN_BASELINE, com.lazylibs.util.SpanUtils.ALIGN_CENTER, com.lazylibs.util.SpanUtils.ALIGN_TOP}" />
    </annotation>
  </item>
  <item name="com.lazylibs.util.SpanUtils com.lazylibs.util.SpanUtils appendImage(int, int) 1">
    <annotation name="androidx.annotation.IntDef">
      <val name="value" val="{com.lazylibs.util.SpanUtils.ALIGN_BOTTOM, com.lazylibs.util.SpanUtils.ALIGN_BASELINE, com.lazylibs.util.SpanUtils.ALIGN_CENTER, com.lazylibs.util.SpanUtils.ALIGN_TOP}" />
    </annotation>
  </item>
  <item name="com.lazylibs.util.SpanUtils com.lazylibs.util.SpanUtils setLineHeight(int, int) 1">
    <annotation name="androidx.annotation.IntDef">
      <val name="value" val="{com.lazylibs.util.SpanUtils.ALIGN_BOTTOM, com.lazylibs.util.SpanUtils.ALIGN_BASELINE, com.lazylibs.util.SpanUtils.ALIGN_CENTER, com.lazylibs.util.SpanUtils.ALIGN_TOP}" />
    </annotation>
  </item>
  <item name="com.lazylibs.util.SpanUtils com.lazylibs.util.SpanUtils setVerticalAlign(int) 0">
    <annotation name="androidx.annotation.IntDef">
      <val name="value" val="{com.lazylibs.util.SpanUtils.ALIGN_BOTTOM, com.lazylibs.util.SpanUtils.ALIGN_BASELINE, com.lazylibs.util.SpanUtils.ALIGN_CENTER, com.lazylibs.util.SpanUtils.ALIGN_TOP}" />
    </annotation>
  </item>
  <item name="com.lazylibs.util.SpanUtils.Align">
    <annotation name="androidx.annotation.IntDef">
      <val name="value" val="{com.lazylibs.util.SpanUtils.ALIGN_BOTTOM, com.lazylibs.util.SpanUtils.ALIGN_BASELINE, com.lazylibs.util.SpanUtils.ALIGN_CENTER, com.lazylibs.util.SpanUtils.ALIGN_TOP}" />
    </annotation>
  </item>
  <item name="com.lazylibs.util.TimeUtils java.lang.String getString(java.lang.String, java.text.DateFormat, long, int) 3">
    <annotation name="androidx.annotation.IntDef">
      <val name="value" val="{com.lazylibs.util.constants.TimeConstants.MSEC, com.lazylibs.util.constants.TimeConstants.SEC, com.lazylibs.util.constants.TimeConstants.MIN, com.lazylibs.util.constants.TimeConstants.HOUR, com.lazylibs.util.constants.TimeConstants.DAY}" />
    </annotation>
  </item>
  <item name="com.lazylibs.util.TimeUtils java.lang.String getString(java.lang.String, long, int) 2">
    <annotation name="androidx.annotation.IntDef">
      <val name="value" val="{com.lazylibs.util.constants.TimeConstants.MSEC, com.lazylibs.util.constants.TimeConstants.SEC, com.lazylibs.util.constants.TimeConstants.MIN, com.lazylibs.util.constants.TimeConstants.HOUR, com.lazylibs.util.constants.TimeConstants.DAY}" />
    </annotation>
  </item>
  <item name="com.lazylibs.util.TimeUtils java.lang.String getString(java.util.Date, java.text.DateFormat, long, int) 3">
    <annotation name="androidx.annotation.IntDef">
      <val name="value" val="{com.lazylibs.util.constants.TimeConstants.MSEC, com.lazylibs.util.constants.TimeConstants.SEC, com.lazylibs.util.constants.TimeConstants.MIN, com.lazylibs.util.constants.TimeConstants.HOUR, com.lazylibs.util.constants.TimeConstants.DAY}" />
    </annotation>
  </item>
  <item name="com.lazylibs.util.TimeUtils java.lang.String getString(java.util.Date, long, int) 2">
    <annotation name="androidx.annotation.IntDef">
      <val name="value" val="{com.lazylibs.util.constants.TimeConstants.MSEC, com.lazylibs.util.constants.TimeConstants.SEC, com.lazylibs.util.constants.TimeConstants.MIN, com.lazylibs.util.constants.TimeConstants.HOUR, com.lazylibs.util.constants.TimeConstants.DAY}" />
    </annotation>
  </item>
  <item name="com.lazylibs.util.TimeUtils java.lang.String getString(long, java.text.DateFormat, long, int) 3">
    <annotation name="androidx.annotation.IntDef">
      <val name="value" val="{com.lazylibs.util.constants.TimeConstants.MSEC, com.lazylibs.util.constants.TimeConstants.SEC, com.lazylibs.util.constants.TimeConstants.MIN, com.lazylibs.util.constants.TimeConstants.HOUR, com.lazylibs.util.constants.TimeConstants.DAY}" />
    </annotation>
  </item>
  <item name="com.lazylibs.util.TimeUtils java.lang.String getString(long, long, int) 2">
    <annotation name="androidx.annotation.IntDef">
      <val name="value" val="{com.lazylibs.util.constants.TimeConstants.MSEC, com.lazylibs.util.constants.TimeConstants.SEC, com.lazylibs.util.constants.TimeConstants.MIN, com.lazylibs.util.constants.TimeConstants.HOUR, com.lazylibs.util.constants.TimeConstants.DAY}" />
    </annotation>
  </item>
  <item name="com.lazylibs.util.TimeUtils java.lang.String getStringByNow(long, int) 1">
    <annotation name="androidx.annotation.IntDef">
      <val name="value" val="{com.lazylibs.util.constants.TimeConstants.MSEC, com.lazylibs.util.constants.TimeConstants.SEC, com.lazylibs.util.constants.TimeConstants.MIN, com.lazylibs.util.constants.TimeConstants.HOUR, com.lazylibs.util.constants.TimeConstants.DAY}" />
    </annotation>
  </item>
  <item name="com.lazylibs.util.TimeUtils java.lang.String getStringByNow(long, java.text.DateFormat, int) 2">
    <annotation name="androidx.annotation.IntDef">
      <val name="value" val="{com.lazylibs.util.constants.TimeConstants.MSEC, com.lazylibs.util.constants.TimeConstants.SEC, com.lazylibs.util.constants.TimeConstants.MIN, com.lazylibs.util.constants.TimeConstants.HOUR, com.lazylibs.util.constants.TimeConstants.DAY}" />
    </annotation>
  </item>
  <item name="com.lazylibs.util.TimeUtils java.util.Date getDate(java.lang.String, java.text.DateFormat, long, int) 3">
    <annotation name="androidx.annotation.IntDef">
      <val name="value" val="{com.lazylibs.util.constants.TimeConstants.MSEC, com.lazylibs.util.constants.TimeConstants.SEC, com.lazylibs.util.constants.TimeConstants.MIN, com.lazylibs.util.constants.TimeConstants.HOUR, com.lazylibs.util.constants.TimeConstants.DAY}" />
    </annotation>
  </item>
  <item name="com.lazylibs.util.TimeUtils java.util.Date getDate(java.lang.String, long, int) 2">
    <annotation name="androidx.annotation.IntDef">
      <val name="value" val="{com.lazylibs.util.constants.TimeConstants.MSEC, com.lazylibs.util.constants.TimeConstants.SEC, com.lazylibs.util.constants.TimeConstants.MIN, com.lazylibs.util.constants.TimeConstants.HOUR, com.lazylibs.util.constants.TimeConstants.DAY}" />
    </annotation>
  </item>
  <item name="com.lazylibs.util.TimeUtils java.util.Date getDate(java.util.Date, long, int) 2">
    <annotation name="androidx.annotation.IntDef">
      <val name="value" val="{com.lazylibs.util.constants.TimeConstants.MSEC, com.lazylibs.util.constants.TimeConstants.SEC, com.lazylibs.util.constants.TimeConstants.MIN, com.lazylibs.util.constants.TimeConstants.HOUR, com.lazylibs.util.constants.TimeConstants.DAY}" />
    </annotation>
  </item>
  <item name="com.lazylibs.util.TimeUtils java.util.Date getDate(long, long, int) 2">
    <annotation name="androidx.annotation.IntDef">
      <val name="value" val="{com.lazylibs.util.constants.TimeConstants.MSEC, com.lazylibs.util.constants.TimeConstants.SEC, com.lazylibs.util.constants.TimeConstants.MIN, com.lazylibs.util.constants.TimeConstants.HOUR, com.lazylibs.util.constants.TimeConstants.DAY}" />
    </annotation>
  </item>
  <item name="com.lazylibs.util.TimeUtils java.util.Date getDateByNow(long, int) 1">
    <annotation name="androidx.annotation.IntDef">
      <val name="value" val="{com.lazylibs.util.constants.TimeConstants.MSEC, com.lazylibs.util.constants.TimeConstants.SEC, com.lazylibs.util.constants.TimeConstants.MIN, com.lazylibs.util.constants.TimeConstants.HOUR, com.lazylibs.util.constants.TimeConstants.DAY}" />
    </annotation>
  </item>
  <item name="com.lazylibs.util.TimeUtils long getMillis(java.lang.String, java.text.DateFormat, long, int) 3">
    <annotation name="androidx.annotation.IntDef">
      <val name="value" val="{com.lazylibs.util.constants.TimeConstants.MSEC, com.lazylibs.util.constants.TimeConstants.SEC, com.lazylibs.util.constants.TimeConstants.MIN, com.lazylibs.util.constants.TimeConstants.HOUR, com.lazylibs.util.constants.TimeConstants.DAY}" />
    </annotation>
  </item>
  <item name="com.lazylibs.util.TimeUtils long getMillis(java.lang.String, long, int) 2">
    <annotation name="androidx.annotation.IntDef">
      <val name="value" val="{com.lazylibs.util.constants.TimeConstants.MSEC, com.lazylibs.util.constants.TimeConstants.SEC, com.lazylibs.util.constants.TimeConstants.MIN, com.lazylibs.util.constants.TimeConstants.HOUR, com.lazylibs.util.constants.TimeConstants.DAY}" />
    </annotation>
  </item>
  <item name="com.lazylibs.util.TimeUtils long getMillis(java.util.Date, long, int) 2">
    <annotation name="androidx.annotation.IntDef">
      <val name="value" val="{com.lazylibs.util.constants.TimeConstants.MSEC, com.lazylibs.util.constants.TimeConstants.SEC, com.lazylibs.util.constants.TimeConstants.MIN, com.lazylibs.util.constants.TimeConstants.HOUR, com.lazylibs.util.constants.TimeConstants.DAY}" />
    </annotation>
  </item>
  <item name="com.lazylibs.util.TimeUtils long getMillis(long, long, int) 2">
    <annotation name="androidx.annotation.IntDef">
      <val name="value" val="{com.lazylibs.util.constants.TimeConstants.MSEC, com.lazylibs.util.constants.TimeConstants.SEC, com.lazylibs.util.constants.TimeConstants.MIN, com.lazylibs.util.constants.TimeConstants.HOUR, com.lazylibs.util.constants.TimeConstants.DAY}" />
    </annotation>
  </item>
  <item name="com.lazylibs.util.TimeUtils long getMillisByNow(long, int) 1">
    <annotation name="androidx.annotation.IntDef">
      <val name="value" val="{com.lazylibs.util.constants.TimeConstants.MSEC, com.lazylibs.util.constants.TimeConstants.SEC, com.lazylibs.util.constants.TimeConstants.MIN, com.lazylibs.util.constants.TimeConstants.HOUR, com.lazylibs.util.constants.TimeConstants.DAY}" />
    </annotation>
  </item>
  <item name="com.lazylibs.util.TimeUtils long getTimeSpan(java.lang.String, java.lang.String, int) 2">
    <annotation name="androidx.annotation.IntDef">
      <val name="value" val="{com.lazylibs.util.constants.TimeConstants.MSEC, com.lazylibs.util.constants.TimeConstants.SEC, com.lazylibs.util.constants.TimeConstants.MIN, com.lazylibs.util.constants.TimeConstants.HOUR, com.lazylibs.util.constants.TimeConstants.DAY}" />
    </annotation>
  </item>
  <item name="com.lazylibs.util.TimeUtils long getTimeSpan(java.lang.String, java.lang.String, java.text.DateFormat, int) 3">
    <annotation name="androidx.annotation.IntDef">
      <val name="value" val="{com.lazylibs.util.constants.TimeConstants.MSEC, com.lazylibs.util.constants.TimeConstants.SEC, com.lazylibs.util.constants.TimeConstants.MIN, com.lazylibs.util.constants.TimeConstants.HOUR, com.lazylibs.util.constants.TimeConstants.DAY}" />
    </annotation>
  </item>
  <item name="com.lazylibs.util.TimeUtils long getTimeSpan(java.util.Date, java.util.Date, int) 2">
    <annotation name="androidx.annotation.IntDef">
      <val name="value" val="{com.lazylibs.util.constants.TimeConstants.MSEC, com.lazylibs.util.constants.TimeConstants.SEC, com.lazylibs.util.constants.TimeConstants.MIN, com.lazylibs.util.constants.TimeConstants.HOUR, com.lazylibs.util.constants.TimeConstants.DAY}" />
    </annotation>
  </item>
  <item name="com.lazylibs.util.TimeUtils long getTimeSpan(long, long, int) 2">
    <annotation name="androidx.annotation.IntDef">
      <val name="value" val="{com.lazylibs.util.constants.TimeConstants.MSEC, com.lazylibs.util.constants.TimeConstants.SEC, com.lazylibs.util.constants.TimeConstants.MIN, com.lazylibs.util.constants.TimeConstants.HOUR, com.lazylibs.util.constants.TimeConstants.DAY}" />
    </annotation>
  </item>
  <item name="com.lazylibs.util.TimeUtils long getTimeSpanByNow(java.lang.String, int) 1">
    <annotation name="androidx.annotation.IntDef">
      <val name="value" val="{com.lazylibs.util.constants.TimeConstants.MSEC, com.lazylibs.util.constants.TimeConstants.SEC, com.lazylibs.util.constants.TimeConstants.MIN, com.lazylibs.util.constants.TimeConstants.HOUR, com.lazylibs.util.constants.TimeConstants.DAY}" />
    </annotation>
  </item>
  <item name="com.lazylibs.util.TimeUtils long getTimeSpanByNow(java.lang.String, java.text.DateFormat, int) 2">
    <annotation name="androidx.annotation.IntDef">
      <val name="value" val="{com.lazylibs.util.constants.TimeConstants.MSEC, com.lazylibs.util.constants.TimeConstants.SEC, com.lazylibs.util.constants.TimeConstants.MIN, com.lazylibs.util.constants.TimeConstants.HOUR, com.lazylibs.util.constants.TimeConstants.DAY}" />
    </annotation>
  </item>
  <item name="com.lazylibs.util.TimeUtils long getTimeSpanByNow(java.util.Date, int) 1">
    <annotation name="androidx.annotation.IntDef">
      <val name="value" val="{com.lazylibs.util.constants.TimeConstants.MSEC, com.lazylibs.util.constants.TimeConstants.SEC, com.lazylibs.util.constants.TimeConstants.MIN, com.lazylibs.util.constants.TimeConstants.HOUR, com.lazylibs.util.constants.TimeConstants.DAY}" />
    </annotation>
  </item>
  <item name="com.lazylibs.util.TimeUtils long getTimeSpanByNow(long, int) 1">
    <annotation name="androidx.annotation.IntDef">
      <val name="value" val="{com.lazylibs.util.constants.TimeConstants.MSEC, com.lazylibs.util.constants.TimeConstants.SEC, com.lazylibs.util.constants.TimeConstants.MIN, com.lazylibs.util.constants.TimeConstants.HOUR, com.lazylibs.util.constants.TimeConstants.DAY}" />
    </annotation>
  </item>
  <item name="com.lazylibs.util.TimeUtils long millis2TimeSpan(long, int) 1">
    <annotation name="androidx.annotation.IntDef">
      <val name="value" val="{com.lazylibs.util.constants.TimeConstants.MSEC, com.lazylibs.util.constants.TimeConstants.SEC, com.lazylibs.util.constants.TimeConstants.MIN, com.lazylibs.util.constants.TimeConstants.HOUR, com.lazylibs.util.constants.TimeConstants.DAY}" />
    </annotation>
  </item>
  <item name="com.lazylibs.util.TimeUtils long timeSpan2Millis(long, int) 1">
    <annotation name="androidx.annotation.IntDef">
      <val name="value" val="{com.lazylibs.util.constants.TimeConstants.MSEC, com.lazylibs.util.constants.TimeConstants.SEC, com.lazylibs.util.constants.TimeConstants.MIN, com.lazylibs.util.constants.TimeConstants.HOUR, com.lazylibs.util.constants.TimeConstants.DAY}" />
    </annotation>
  </item>
</root>

