<?xml version="1.0" encoding="UTF-8"?>
<root>
  <item name="com.lazylibs.log.CLog void log(int, java.lang.String, java.lang.String, java.lang.Throwable) 0">
    <annotation name="androidx.annotation.IntDef">
      <val name="value" val="{com.lazylibs.log.CLog.VERBOSE, com.lazylibs.log.CLog.DEBUG, com.lazylibs.log.CLog.INFO, com.lazylibs.log.CLog.WARN, com.lazylibs.log.CLog.ERROR, com.lazylibs.log.CLog.ASSERT}" />
    </annotation>
  </item>
  <item name="com.lazylibs.log.CLog.Level">
    <annotation name="androidx.annotation.IntDef">
      <val name="value" val="{com.lazylibs.log.CLog.VERBOSE, com.lazylibs.log.CLog.DEBUG, com.lazylibs.log.CLog.INFO, com.lazylibs.log.CLog.WARN, com.lazylibs.log.CLog.ERROR, com.lazylibs.log.CLog.ASSERT}" />
    </annotation>
  </item>
  <item name="com.lazylibs.log.CLogPrinter void log(int, java.lang.String, java.lang.String, java.lang.Throwable) 0">
    <annotation name="androidx.annotation.IntDef">
      <val name="value" val="{com.lazylibs.log.CLog.VERBOSE, com.lazylibs.log.CLog.DEBUG, com.lazylibs.log.CLog.INFO, com.lazylibs.log.CLog.WARN, com.lazylibs.log.CLog.ERROR, com.lazylibs.log.CLog.ASSERT}" />
    </annotation>
  </item>
  <item name="com.lazylibs.log.ICLogPrinter void log(int, java.lang.String, java.lang.String, java.lang.Throwable) 0">
    <annotation name="androidx.annotation.IntDef">
      <val name="value" val="{com.lazylibs.log.CLog.VERBOSE, com.lazylibs.log.CLog.DEBUG, com.lazylibs.log.CLog.INFO, com.lazylibs.log.CLog.WARN, com.lazylibs.log.CLog.ERROR, com.lazylibs.log.CLog.ASSERT}" />
    </annotation>
  </item>
</root>

