<?xml version="1.0" encoding="UTF-8"?>
<root>
  <item name="com.lazylibs.util.constants.MemoryConstants.Unit">
    <annotation name="androidx.annotation.IntDef">
      <val name="value" val="{com.lazylibs.util.constants.MemoryConstants.BYTE, com.lazylibs.util.constants.MemoryConstants.KB, com.lazylibs.util.constants.MemoryConstants.MB, com.lazylibs.util.constants.MemoryConstants.GB}" />
    </annotation>
  </item>
  <item name="com.lazylibs.util.constants.TimeConstants.Unit">
    <annotation name="androidx.annotation.IntDef">
      <val name="value" val="{com.lazylibs.util.constants.TimeConstants.MSEC, com.lazylibs.util.constants.TimeConstants.SEC, com.lazylibs.util.constants.TimeConstants.MIN, com.lazylibs.util.constants.TimeConstants.HOUR, com.lazylibs.util.constants.TimeConstants.DAY}" />
    </annotation>
  </item>
</root>

