<?xml version="1.0" encoding="UTF-8"?>
<root>
  <item name="com.lazylibs.weight.skeleton.IViewSkeleton int getViewState()">
    <annotation name="androidx.annotation.IntDef">
      <val name="value" val="{com.lazylibs.weight.skeleton.ViewState.LOADING, com.lazylibs.weight.skeleton.ViewState.ERROR, com.lazylibs.weight.skeleton.ViewState.EMPTY, com.lazylibs.weight.skeleton.ViewState.NO_INTERNET}" />
    </annotation>
  </item>
  <item name="com.lazylibs.weight.skeleton.IViewSkeleton void show(int) 0">
    <annotation name="androidx.annotation.IntDef">
      <val name="value" val="{com.lazylibs.weight.skeleton.ViewState.LOADING, com.lazylibs.weight.skeleton.ViewState.ERROR, com.lazylibs.weight.skeleton.ViewState.EMPTY, com.lazylibs.weight.skeleton.ViewState.NO_INTERNET}" />
    </annotation>
  </item>
  <item name="com.lazylibs.weight.skeleton.Skeleton android.view.View onCreateView(android.view.View, android.view.ViewGroup, int) 2">
    <annotation name="androidx.annotation.IntDef">
      <val name="value" val="{com.lazylibs.weight.skeleton.ViewState.LOADING, com.lazylibs.weight.skeleton.ViewState.ERROR, com.lazylibs.weight.skeleton.ViewState.EMPTY, com.lazylibs.weight.skeleton.ViewState.NO_INTERNET}" />
    </annotation>
  </item>
  <item name="com.lazylibs.weight.skeleton.Skeleton.IStateView android.view.View onCreateView(android.content.Context, android.view.ViewGroup, int) 2">
    <annotation name="androidx.annotation.IntDef">
      <val name="value" val="{com.lazylibs.weight.skeleton.ViewState.LOADING, com.lazylibs.weight.skeleton.ViewState.ERROR, com.lazylibs.weight.skeleton.ViewState.EMPTY, com.lazylibs.weight.skeleton.ViewState.NO_INTERNET}" />
    </annotation>
  </item>
  <item name="com.lazylibs.weight.skeleton.ViewSkeleton int getViewState()">
    <annotation name="androidx.annotation.IntDef">
      <val name="value" val="{com.lazylibs.weight.skeleton.ViewState.LOADING, com.lazylibs.weight.skeleton.ViewState.ERROR, com.lazylibs.weight.skeleton.ViewState.EMPTY, com.lazylibs.weight.skeleton.ViewState.NO_INTERNET}" />
    </annotation>
  </item>
  <item name="com.lazylibs.weight.skeleton.ViewSkeleton void show(int) 0">
    <annotation name="androidx.annotation.IntDef">
      <val name="value" val="{com.lazylibs.weight.skeleton.ViewState.LOADING, com.lazylibs.weight.skeleton.ViewState.ERROR, com.lazylibs.weight.skeleton.ViewState.EMPTY, com.lazylibs.weight.skeleton.ViewState.NO_INTERNET}" />
    </annotation>
  </item>
  <item name="com.lazylibs.weight.skeleton.ViewSkeleton.OnClickListener void onClick(android.view.View, int) 1">
    <annotation name="androidx.annotation.IntDef">
      <val name="value" val="{com.lazylibs.weight.skeleton.ViewState.LOADING, com.lazylibs.weight.skeleton.ViewState.ERROR, com.lazylibs.weight.skeleton.ViewState.EMPTY, com.lazylibs.weight.skeleton.ViewState.NO_INTERNET}" />
    </annotation>
  </item>
  <item name="com.lazylibs.weight.skeleton.ViewState">
    <annotation name="androidx.annotation.IntDef">
      <val name="value" val="{com.lazylibs.weight.skeleton.ViewState.LOADING, com.lazylibs.weight.skeleton.ViewState.ERROR, com.lazylibs.weight.skeleton.ViewState.EMPTY, com.lazylibs.weight.skeleton.ViewState.NO_INTERNET}" />
    </annotation>
  </item>
</root>

